"","baseMean","log2FoldChange","lfcSE","stat","pvalue","padj","symbol"
"ENSG00000197757.8",134.358279977377,-4.35250798469847,0.571029408373657,-7.62221335866888,2.49362413266746e-14,6.96693646425963e-10,"HOXC6"
"ENSG00000037965.6",68.3116416950792,-4.21950826148339,0.589533368381151,-7.15736968896281,8.22397013061173e-13,1.14884750739581e-08,"HOXC8"
"ENSG00000260597.1",32.3279628305981,-4.62428805508556,0.652488412859908,-7.08715735627694,1.36894701015075e-12,1.27490035055339e-08,""
"ENSG00000211899.10",0.889992416303374,20.4438588636681,3.09710370059545,6.60096039397633,4.08502687741554e-11,2.85328914820282e-07,"IGHM"
"ENSG00000120833.15",826.50490879736,1.91278369689,0.294091560923158,6.50404143147032,7.81903463707142e-11,4.36912017450277e-07,"SOCS2"
"ENSG00000155792.11",72.9133050351232,-2.69584631452571,0.416493626819891,-6.47271924689379,9.6254703968045e-11,4.48210029027202e-07,"DEPTOR"
"ENSG00000163132.8",183.270337414714,-2.94063896042999,0.468371659127636,-6.27843060766542,3.42007608807247e-10,1.36505008320938e-06,"MSX1"
"ENSG00000149948.15",7689.96023180766,-1.54218248631507,0.247814460702731,-6.2231335570244,4.87322195936888e-10,1.70191185403509e-06,"HMGA2"
"ENSG00000293176.2",30.5885277931454,-2.12817600089238,0.344677116570386,-6.17440467782777,6.64132351261382e-10,1.97480945850627e-06,"RPSAP52"
"ENSG00000302509.1",53.19375389145,1.51786780017042,0.246225153333967,6.16455215731618,7.06828969721991e-10,1.97480945850627e-06,""
"ENSG00000251322.12",1468.80983509293,-0.904380338399091,0.1494267776708,-6.05233113164975,1.42764625176346e-09,3.6260916934563e-06,"SHANK3"
"ENSG00000230074.6",92.5376034146506,-1.49121197705637,0.248128482085157,-6.00983798605028,1.85708818350823e-09,4.27933845068165e-06,""
"ENSG00000254343.2",12.1535842655646,-2.84412012502062,0.47413654677458,-5.99852541291826,1.9911736232099e-09,4.27933845068165e-06,""
"ENSG00000170421.14",227.042561222362,-2.69343404482849,0.462665574029036,-5.82155707279716,5.83018893371196e-09,1.12472965420546e-05,"KRT8"
"ENSG00000233101.11",111.800899526721,-3.25623844715679,0.559905952434916,-5.81568821155781,6.03849272095703e-09,1.12472965420546e-05,"HOXB-AS3"
"ENSG00000143869.7",437.217978174515,-2.99171058364765,0.522951867477044,-5.72081441850665,1.06014644701179e-08,1.85121447394141e-05,"GDF7"
"ENSG00000183691.6",50.529562796874,-2.86681035561109,0.504177058528911,-5.68611821405732,1.29959452187252e-08,2.13584537332919e-05,"NOG"
"ENSG00000146700.10",61.5111972816898,-3.0974746520491,0.548447352668173,-5.64771556828567,1.62593891808093e-08,2.52372819068129e-05,"SSC4D"
"ENSG00000165617.16",325.333555713522,-2.12654963128913,0.381113638706227,-5.5798308307941,2.40752620789264e-08,3.54020393275328e-05,"DACT1"
"ENSG00000223511.8",44.6169758595896,-2.50757136051831,0.453918027338299,-5.52428238028417,3.30835010202598e-08,4.40152350002399e-05,"LINC02968"
"ENSG00000294153.1",45.6679097874513,6.56882745163644,1.18906046576357,5.52438470605294,3.30642271519384e-08,4.40152350002399e-05,""
"ENSG00000144642.23",482.603075872165,-1.34752010538883,0.244641271922862,-5.50814707100491,3.62630392059411e-08,4.42572784710858e-05,"RBMS3"
"ENSG00000280707.4",70.2239813699989,2.76448570272128,0.501965606764715,5.50732095080983,3.64335661560891e-08,4.42572784710858e-05,""
"ENSG00000086205.19",77.2951755789629,5.58357690249266,1.01769264777925,5.48650608283041,4.09961312765297e-08,4.77246213222901e-05,"FOLH1"
"ENSG00000172789.4",6.79394225083319,-4.59024981408499,0.843768518260195,-5.44017667730699,5.32277578899512e-08,5.94852131074938e-05,"HOXC5"
"ENSG00000277945.1",33.0706977728032,-2.31214768103435,0.427141851116953,-5.41306752075034,6.195411488339e-08,6.65744621433474e-05,""
"ENSG00000134533.7",34.0046452559501,-2.83367587173759,0.52880416951383,-5.35864888195343,8.38466258245653e-08,8.36639599611618e-05,"RERG"
"ENSG00000187634.14",141.972544934792,-2.65453596967596,0.494917691293534,-5.3635907876681,8.15836164200197e-08,8.36639599611618e-05,"SAMD11"
"ENSG00000198879.13",353.22996231779,-1.33301298954104,0.250052431570644,-5.33093392121019,9.77089697327696e-08,9.41341691504776e-05,"SFMBT2"
"ENSG00000137507.12",67.0545680668431,-2.73461891336184,0.515631031668166,-5.30344130863269,1.13639751523973e-07,0.00010241874251059,"LRRC32"
"ENSG00000145506.15",1360.29255841968,-1.0634579442336,0.200298428440677,-5.3093673900121,1.10006388883668e-07,0.00010241874251059,"NKD2"
"ENSG00000256083.1",14.6043402073493,-2.39398563228518,0.455064209795667,-5.26076448279712,1.43457689809156e-07,0.000125252012361813,"HMGA2-AS2"
"ENSG00000198353.8",81.9191344901976,-3.58637643930476,0.684407440553529,-5.24011900923257,1.60473072710243e-07,0.000135862338740954,"HOXC4"
"ENSG00000169884.14",62.0923421139643,-2.63616384746978,0.506075298898743,-5.20903480807355,1.89825503167232e-07,0.000155986315676156,"WNT10B"
"ENSG00000078399.19",9.26550781927768,-5.54019311742946,1.0790133077669,-5.13449934078692,2.82896085539368e-07,0.000225823820968126,"HOXA9"
"ENSG00000164125.17",383.460673098569,-1.78299954639338,0.348583846699034,-5.11498040794993,3.13773522516607e-07,0.000231988026745456,"GASK1B"
"ENSG00000170166.6",76.1638830221066,-3.50159905148921,0.684885525250614,-5.11267784526166,3.17623715637521e-07,0.000231988026745456,"HOXD4"
"ENSG00000170689.10",1895.12622279346,-3.18566386173442,0.624008000112002,-5.10516509590042,3.3050583728331e-07,0.000231988026745456,"HOXB9"
"ENSG00000184923.12",56.0334193565591,0.889871905617313,0.174339911287418,5.10423516362964,3.32135046702396e-07,0.000231988026745456,"NUTM2A"
"ENSG00000302485.1",21.2321905520276,-2.67784261247497,0.523794474380139,-5.11239187019668,3.18105076670497e-07,0.000231988026745456,""
"ENSG00000257178.5",13.7618787362241,-2.99612808416773,0.587667561852543,-5.09833837811779,3.42647908850692e-07,0.000233493656716573,""
"ENSG00000207744.1",6.36935712759358,-3.21900042783276,0.635998100872795,-5.06133654080924,4.16327586149277e-07,0.000276947057843444,"MIR10B"
"ENSG00000182463.17",599.069389166037,-1.52566183844243,0.302234371477486,-5.0479428629648,4.46592655747081e-07,0.000282301009718453,"TSHZ2"
"ENSG00000196091.16",35.5560458029827,-4.07373315623514,0.808231629873751,-5.04030404857018,4.64792814597833e-07,0.000282301009718453,"MYBPC1"
"ENSG00000198075.11",244.207337847487,-1.72541727168623,0.3421069980309,-5.04350183310305,4.57088386705369e-07,0.000282301009718453,"SULT1C4"
"ENSG00000249388.4",7.88932383926626,-2.79579376329045,0.554421740924932,-5.0427202920042,4.58959900635659e-07,0.000282301009718453,""
"ENSG00000289578.2",453.628528512397,-2.21338729405889,0.439804879358192,-5.03265743046983,4.83727073454736e-07,0.000287550015005359,""
"ENSG00000033122.22",556.376487455724,2.50228951543087,0.498386704617645,5.02077903011195,5.14623342788245e-07,0.000299542949461683,"LRRC7"
"ENSG00000172264.19",157.663217491183,1.15468308929112,0.230617610162768,5.00691637761815,5.53089408161239e-07,0.000315362550502385,"MACROD2"
"ENSG00000137509.13",2115.12142189721,-0.777735536915749,0.155981012247322,-4.98609109987425,6.16131015238943e-07,0.000344281688695217,"PRCP"
"ENSG00000104313.21",143.995672001518,-2.32094237416303,0.468820682692687,-4.95059723225652,7.39860811917485e-07,0.000385345428753928,"EYA1"
"ENSG00000141577.15",1338.22151751581,0.368572751851022,0.0745308638050047,4.94523655079752,7.60514577259229e-07,0.000385345428753928,"CEP131"
"ENSG00000148814.19",474.030159753784,0.417962737660727,0.0843439516022545,4.95545596004011,7.21608664274195e-07,0.000385345428753928,"LRRC27"
"ENSG00000151892.17",3645.548325807,1.3292439276944,0.268590314625318,4.94896448350598,7.46093585862396e-07,0.000385345428753928,"GFRA1"
"ENSG00000223764.3",82.1493859372612,-2.36917748335763,0.47885255269789,-4.94761376964478,7.51287936344959e-07,0.000385345428753928,"LINC02593"
"ENSG00000224189.9",15.3947117355408,-3.02767497565269,0.61261416840394,-4.94222160016437,7.72373528409033e-07,0.000385345428753928,"HAGLR"
"ENSG00000111110.13",203.399097257631,-1.07878104358116,0.21874493474591,-4.93168468030699,8.15234405037464e-07,0.000397634659341009,"PPM1H"
"ENSG00000204262.15",14325.832571929,-1.23383639862716,0.250309289356609,-4.92924733955578,8.254701400114e-07,0.000397634659341009,"COL5A2"
"ENSG00000137558.9",784.415281943144,2.55040651629827,0.523221802290563,4.87442706923352,1.09124689380149e-06,0.000508139116098666,"PI15"
"ENSG00000152804.12",26.3965079626919,2.81348625516096,0.577067212262253,4.87549144255028,1.08537901856947e-06,0.000508139116098666,"HHEX"
"ENSG00000291180.2",3.93797796935935,-3.559201363333,0.731877275314146,-4.86311227767698,1.15554255221268e-06,0.000529257432233934,""
"ENSG00000249790.4",280.291780433118,-1.62337627711883,0.334711802269871,-4.85007181136068,1.23416784272177e-06,0.000556151860609735,"LINC02972"
"ENSG00000107731.13",2249.69541247596,-1.41362862866962,0.292293428235799,-4.83633394428976,1.32255659911917e-06,0.000586522362266514,"UNC5B"
"ENSG00000180318.4",12.9562681910368,-2.41896352686432,0.50105876638498,-4.8277042318141,1.38116016261226e-06,0.000602941152862873,"ALX1"
"ENSG00000102383.15",222.622601319626,1.05627200072944,0.219991899058364,4.80141316680578,1.57549824137715e-06,0.000677197621012862,"ZDHHC15"
"ENSG00000278558.6",86.5607197712222,1.86696089117153,0.390088101176772,4.78599804900355,1.70139708936468e-06,0.000720232322420603,"TMEM191B"
"ENSG00000253552.8",57.2614679782272,-2.14386973162356,0.448813665476257,-4.7767478945825,1.78152895858343e-06,0.00074289757572929,"HOXA-AS2"
"ENSG00000077943.9",416.861127081395,-3.19816512342583,0.672335946005541,-4.75679627487814,1.96689486278266e-06,0.000768977444745399,"ITGA8"
"ENSG00000154342.7",71.2416191735011,-3.75960961546405,0.789776829399352,-4.76034428399646,1.93262995820656e-06,0.000768977444745399,"WNT3A"
"ENSG00000225507.1",51.2501354646232,-0.54602328640569,0.114618081918111,-4.76384944912789,1.89934236830889e-06,0.000768977444745399,""
"ENSG00000248429.6",5.85311742668467,-2.70251894843388,0.566959598860811,-4.76668699826944,1.87279908939597e-06,0.000768977444745399,"GASK1B-AS1"
"ENSG00000310323.1",2.92782530679251,-3.42785123849384,0.720851179309207,-4.75528283352294,1.98168782066891e-06,0.000768977444745399,""
"ENSG00000080293.11",9.18894635320347,-3.34415814553139,0.704128426199977,-4.74935824360772,2.04063177079607e-06,0.000781002891017416,"SCTR"
"ENSG00000166405.16",250.988590626877,1.19492996315919,0.252827905147217,4.72625821292712,2.28694808332567e-06,0.000863446520270755,"RIC3"
"ENSG00000257870.2",4.71503770213658,-3.71519216699753,0.78657431653834,-4.72325639025164,2.32097939711223e-06,0.000864611245012247,""
"ENSG00000004848.8",55.3004914343864,2.26842998773306,0.4813784203137,4.7123632718201,2.44860369264509e-06,0.000900151823273831,"ARX"
"ENSG00000120149.9",166.233227774881,-3.04840652711063,0.651434809421375,-4.67952661267567,2.8753803685579e-06,0.00103593888216907,"MSX2"
"ENSG00000236711.2",4.93110339729813,-3.10594414489517,0.663899401704285,-4.6783355082441,2.89213045596432e-06,0.00103593888216907,"SMAD9-IT1"
"ENSG00000155897.11",24.9804619654804,-2.40310206751495,0.515104233425962,-4.66527337881092,3.08207003832859e-06,0.00108999942785902,"ADCY8"
"ENSG00000141750.8",37.6195552997335,-1.39232653166308,0.298724065091699,-4.66091183927777,3.14811557188574e-06,0.00109944001203645,"STAC2"
"ENSG00000285579.2",8.17893038036279,-3.40813261606174,0.732995086921668,-4.64959817176231,3.32582350458132e-06,0.00114716275178392,""
"ENSG00000070159.15",61.6151878198457,-1.40759849626245,0.303591719666415,-4.63648513803048,3.54383662836486e-06,0.00119290664529983,"PTPN3"
"ENSG00000299806.1",2.12627692127455,-2.34853026290313,0.506297163325759,-4.63863997869577,3.5070936657044e-06,0.00119290664529983,""
"ENSG00000180694.15",1249.25562800868,-1.07692274584798,0.232412379219665,-4.63367205079091,3.59235932756868e-06,0.00119484437205883,"TMEM64"
"ENSG00000229950.2",6.15602184534226,-2.69071785358869,0.581605362792487,-4.62636355460965,3.72141834438597e-06,0.00122320831910352,"TFAP2A-AS1"
"ENSG00000147257.17",4736.59632511094,-1.39498435044965,0.303436670528534,-4.59728334093513,4.28035352322405e-06,0.00139056740796926,"GPC3"
"ENSG00000178752.16",112.640625160082,-0.712118001302073,0.155101614216181,-4.59129974179072,4.4049417443894e-06,0.00141459387812064,"ERFE"
"ENSG00000197301.7",70.1860548326917,-1.8528560015442,0.40477186906492,-4.57753155085743,4.70494844771549e-06,0.0014937676668264,"HMGA2-AS1"
"ENSG00000010278.16",150.629763689233,-2.0697483289214,0.453165581203946,-4.56731140838765,4.94019809351857e-06,0.00152547491884847,"CD9"
"ENSG00000144355.15",41.7814084567234,2.49283401152084,0.545771035599758,4.56754545206199,4.93468695913344e-06,0.00152547491884847,"DLX1"
"ENSG00000234985.2",42.9075159151147,-2.33277444197926,0.510888970397064,-4.56610844459261,4.96861797541825e-06,0.00152547491884847,""
"ENSG00000108511.11",482.639653542133,-2.74662662964589,0.602735165822832,-4.5569377487645,5.19047991568704e-06,0.00156056858340283,"HOXB6"
"ENSG00000301705.1",13.2654279037697,0.987788102368364,0.216773762807711,4.55676964580156,5.19463396171887e-06,0.00156056858340283,""
"ENSG00000141485.18",13.1342390041379,2.22280727979597,0.489670215276905,4.53939653760437,5.64154535495514e-06,0.00167679931566055,"SLC13A5"
"ENSG00000165983.16",23.6149632016914,-1.68361912469043,0.371524736005783,-4.53164745580823,5.85254630553336e-06,0.00170713395125702,"PTER"
"ENSG00000250742.7",228.416989956724,-2.33947030305781,0.516306086644868,-4.53116932682409,5.86580977560663e-06,0.00170713395125702,"LINC02381"
"ENSG00000175879.9",25.3828238727,-2.98052114238562,0.658491866670896,-4.52628391213712,6.00299203215129e-06,0.00172904736480696,"HOXD8"
"ENSG00000173673.9",185.282236915639,2.11767602950746,0.4686868200559,4.51831785936477,6.23328611057092e-06,0.00175910889538627,"HES3"
"ENSG00000290541.2",12.8456936938744,3.10551475510676,0.687310787967218,4.51835590168982,6.2321665019243e-06,0.00175910889538627,""
"ENSG00000101938.16",931.392524208254,-1.80754391973345,0.400512555122023,-4.51307679776169,6.38938727571762e-06,0.00177440220114219,"CHRDL1"
"ENSG00000183230.18",154.863580025378,1.45700718603181,0.322900710606785,4.51224521399737,6.41449666471101e-06,0.00177440220114219,"CTNNA3"
"ENSG00000242732.6",1343.86016584452,0.548970416204185,0.121857027203297,4.50503699953489,6.63613789764604e-06,0.00181771624237581,"RTL5"
"ENSG00000176678.7",33.1678572195623,-1.902469450419,0.424465868957248,-4.48203162975777,7.39357819184234e-06,0.00200552603011537,"FOXL1"
"ENSG00000164124.12",15.0412002264284,-1.31679081744888,0.293971939669226,-4.47930785139059,7.48854661629815e-06,0.00201175484531494,"TMEM144"
"ENSG00000172137.20",16.0577129767528,1.71196041889114,0.384641356149977,4.45079654467428,8.55523660413906e-06,0.00227642624269563,"CALB2"
"ENSG00000179364.16",3872.69447650236,0.308546628441401,0.0695202388501452,4.43822739312635,9.07027675038538e-06,0.00238817481047552,"PACS2"
"ENSG00000185813.12",1252.66488344418,0.621596926602956,0.140175174684917,4.43442947726063,9.23164320596143e-06,0.00238817481047552,"PCYT2"
"ENSG00000204882.5",27.7745138461022,-1.82784992208372,0.412188936535236,-4.43449534926434,9.22882119707115e-06,0.00238817481047552,"GPR20"
"ENSG00000110092.5",12867.7916010426,-0.811717896787794,0.183650425213612,-4.41990752726899,9.8743145455923e-06,0.00253099517513122,"CCND1"
"ENSG00000144451.20",606.791821699482,0.509305015544359,0.115630172334296,4.40460310023511,1.05977729783578e-05,0.00269020726420389,"SPAG16"
"ENSG00000307822.1",23.668751051973,1.40352360498107,0.318782375119909,4.40276412537906,1.06880348733538e-05,0.00269020726420389,""
"ENSG00000180806.5",21.0022845883541,-3.29432601416225,0.749334009311216,-4.39633857962803,1.10092163466043e-05,0.00274630799560517,"HOXC9"
"ENSG00000262655.5",337.565189242356,-1.62952940874009,0.371033608395028,-4.39186470408682,1.12382628143432e-05,0.00277863561743304,"SPON1"
"ENSG00000101825.8",572.583406376451,-2.02418037643588,0.461488297194215,-4.38620088254159,1.15347600915607e-05,0.00280234488867924,"MXRA5"
"ENSG00000142089.18",914.485851900772,-1.6655978319455,0.379716187257061,-4.38642830577544,1.15227120893564e-05,0.00280234488867924,"IFITM3"
"ENSG00000233608.6",5.85101196668523,-2.36925971425138,0.54052590672416,-4.38324913714165,1.16922270694844e-05,0.00281611320770969,"TWIST2"
"ENSG00000136436.17",954.697319748282,-0.449216176450749,0.102538212259198,-4.38096360911005,1.1815560575635e-05,0.00282149527284331,"CALCOCO2"
"ENSG00000204711.10",3.99748250371817,-3.33413408766664,0.761663679177071,-4.37743610312226,1.20083549189399e-05,0.00284323244135816,"CFAP95"
"ENSG00000167157.12",12.0909119247848,-1.97871779816945,0.452934510259766,-4.36866203247491,1.2501004986009e-05,0.00290823564742123,"PRRX2"
"ENSG00000196711.9",5.66955924452636,-2.29326756059002,0.524868400312647,-4.36922390302787,1.24688873808509e-05,0.00290823564742123,"ALKAL1"
"ENSG00000231107.3",34.4369287493517,1.74421734303781,0.39940653341012,4.36702256256485,1.2595172101291e-05,0.00290823564742123,"LINC01508"
"ENSG00000082196.22",317.179704308668,-1.43827977622407,0.330301343196691,-4.35444725202824,1.33403096685941e-05,0.0029817192946468,"C1QTNF3"
"ENSG00000144476.7",1071.28740544196,1.22239710168727,0.280563089571785,4.35694197534313,1.31892214479063e-05,0.0029817192946468,"ACKR3"
"ENSG00000250846.7",18.5916207927455,1.81691927716573,0.417097952614069,4.35609732864568,1.32401921578074e-05,0.0029817192946468,"EPHA5-AS1"
"ENSG00000278952.1",48.7213719222957,0.75300903821518,0.172746015263371,4.35905301240746,1.30626469824983e-05,0.0029817192946468,""
"ENSG00000122592.8",16.701482070516,-2.97938716024139,0.685166001841146,-4.34841651838433,1.37123995073209e-05,0.00304056134789712,"HOXA7"
"ENSG00000164591.15",32.9374161456296,-1.46429259359194,0.33735926175513,-4.34045470094366,1.42188179692495e-05,0.00312802799403829,"MYOZ3"
"ENSG00000171843.17",1195.2995875641,-1.10296880240719,0.255228743951473,-4.32149132315949,1.54978147389684e-05,0.00335653834102355,"MLLT3"
"ENSG00000233223.6",129.82724638475,-0.477151633209056,0.110390537852356,-4.32239612644368,1.54343754541599e-05,0.00335653834102355,"MPDU1-AS1"
"ENSG00000269190.7",363.080688962419,-0.779450463273439,0.180468763495675,-4.31903254710402,1.56714671647833e-05,0.00336803939320678,"FBXO17"
"ENSG00000128652.13",69.942016358254,-2.61600797113535,0.609051657349698,-4.29521525730505,1.7452391193425e-05,0.00369808675464125,"HOXD3"
"ENSG00000143036.18",65.4415338895902,-0.826690396070621,0.192478852607476,-4.2949673944519,1.74719013426624e-05,0.00369808675464125,"SLC44A3"
"ENSG00000232040.5",136.990333078956,-0.634336063562449,0.147883531216985,-4.28943005581675,1.7913221464123e-05,0.00376298868034685,"SCAND3"
"ENSG00000170801.11",36.9210787239257,-1.38833017093308,0.324656873976268,-4.27629994070158,1.90025164239341e-05,0.00395712222973772,"HTRA3"
"ENSG00000287064.1",15.9155340797801,-0.955486766569319,0.223509885823158,-4.27491948756712,1.91206378544183e-05,0.00395712222973772,""
"ENSG00000188372.15",59.1488352435444,1.91796465732936,0.450150317935738,4.2607204325093,2.03768994732817e-05,0.00418610437047072,"ZP3"
"ENSG00000153993.15",452.980400695565,-1.65842795963185,0.390511882013043,-4.24680537524966,2.16840164437553e-05,0.00442211485709547,"SEMA3D"
"ENSG00000272729.1",5.19643771644933,-3.09706583708623,0.729676869236918,-4.24443471851462,2.19145151895044e-05,0.00443673652086641,""
"ENSG00000140873.16",28.1882899722979,-1.80655440009527,0.425994558583637,-4.24079219720968,2.22732273318524e-05,0.00447691869370233,"ADAMTS18"
"ENSG00000120094.9",17.6806646334633,-2.8157309864966,0.664388545659599,-4.23807876413818,2.25440684757273e-05,0.00449899092245247,"HOXB1"
"ENSG00000091592.17",31.2740754228631,-2.36480273162804,0.558304657007829,-4.23568512629276,2.278558871183e-05,0.00450622893120078,"NLRP1"
"ENSG00000120075.6",155.433295923161,-2.74514465384539,0.648275953152103,-4.23453105193507,2.2902913784692e-05,0.00450622893120078,"HOXB5"
"ENSG00000175161.14",374.488209695877,1.35321532483591,0.320039712173139,4.22827315912544,2.35491779960878e-05,0.00460098240582306,"CADM2"
"ENSG00000255323.7",7.53741936286778,2.12221632207585,0.50219539490442,4.22587770339821,2.38011236444382e-05,0.0046179138437636,"LINC01495"
"ENSG00000174080.13",53.9846506744098,3.17726936786128,0.752557253897479,4.22196364649502,2.42183176808843e-05,0.00463449025812483,"CTSF"
"ENSG00000288013.3",5.43694971925945,-2.2057609287486,0.522419817124141,-4.2221999557579,2.41929337081315e-05,0.00463449025812483,""
"ENSG00000095380.12",108.012991245883,-0.724030942294014,0.171778463450781,-4.21491104151986,2.49876663314236e-05,0.00474918646009281,"NANS"
"ENSG00000137203.15",114.583008693118,-2.27436823827313,0.541800047508669,-4.19779999786128,2.69520494674051e-05,0.0050879277707421,"TFAP2A"
"ENSG00000118492.19",2.65889635256946,-2.94702271238154,0.703044816600241,-4.19179921791138,2.76750873978807e-05,0.00518935749536503,"ADGB"
"ENSG00000166250.14",94.0523685357417,-1.30819790372228,0.313383672538702,-4.17442904132384,2.98734309925465e-05,0.00552737608278647,"CLMP"
"ENSG00000205795.5",44.0209651277285,-1.59967442412034,0.383195902700547,-4.17456035632621,2.98562060242226e-05,0.00552737608278647,"CYS1"
"ENSG00000225420.2",9.5417181507114,-1.43318261708257,0.343541061864909,-4.17179422250882,3.02210503309807e-05,0.00555490740261361,"EIF2AK3-AS1"
"ENSG00000113739.11",434.659568147178,-1.32247075725149,0.317423096757263,-4.16627136072205,3.09622121499806e-05,0.00565394277946607,"STC2"
"ENSG00000285928.1",8.77036711619032,-1.08949858441351,0.262142313948058,-4.15613400219467,3.23678024725695e-05,0.00587223398234493,""
"ENSG00000275954.6",6.17362185714248,-3.31374580871314,0.797685135823569,-4.15420277988741,3.26423605122193e-05,0.0058838381312961,"TBC1D3F"
"ENSG00000198948.13",140.445409012392,-0.937132023577369,0.226262077334645,-4.14179890247952,3.44592417813995e-05,0.00617151766750334,"MFAP3L"
"ENSG00000258086.2",20.5563400305204,-1.31060927813883,0.31655824397042,-4.14018368847564,3.4702782454548e-05,0.00617554801909311,"GPR84-AS1"
"ENSG00000173157.19",76.44186358073,-0.945831182332447,0.229273448056707,-4.12534111712104,3.7018566881969e-05,0.00654596038047678,"ADAMTS20"
"ENSG00000108604.19",682.061150020677,-0.461394335777619,0.111948956386848,-4.12147062973267,3.76461471843278e-05,0.00661506733448387,"SMARCD2"
"ENSG00000228031.4",13.0494178392044,1.4989924460618,0.363899035978508,4.11925368813105,3.80101490182875e-05,0.0066372847088871,""
"ENSG00000104059.6",197.674038420556,-0.954431859108256,0.232381305460089,-4.10718003850863,4.00519035228409e-05,0.00695037349394194,"ENTREP2"
"ENSG00000290439.2",5.9486668442357,-2.61593964931341,0.63745671181083,-4.10371339864362,4.06571081036313e-05,0.00696882787305125,"HSD17B7P2"
"ENSG00000300291.1",25.8582317488746,2.54832067461475,0.620940952292278,4.10396619067774,4.06126840713965e-05,0.00696882787305125,""
"ENSG00000178343.6",207.648516709005,2.12844873861932,0.518941092918412,4.10152282728158,4.10440006846206e-05,0.00699224594590009,"SHISA3"
"ENSG00000309656.1",5.89944222339189,1.60843196317837,0.392904985181813,4.09369192003019,4.24558346585698e-05,0.00718893069409565,""
"ENSG00000283538.4",16.7497177944537,1.22281597359473,0.2989312995823,4.09062542230734,4.30211480107953e-05,0.00724077020646752,""
"ENSG00000204894.4",3.85497481363756,4.82812157762308,1.18117034623616,4.08757432237275,4.35907048481111e-05,0.00729269881887052,""
"ENSG00000052850.8",82.3620612288122,-2.47554636434525,0.606251214904171,-4.08336726341497,4.43877878338035e-05,0.00738184764457521,"ALX4"
"ENSG00000297672.1",16.3887318012108,1.81181544284476,0.444205363688756,4.07877885084308,4.5272877014416e-05,0.00748449059707555,""
"ENSG00000197147.16",381.884864013822,-0.801464241818895,0.197223649315895,-4.0637329478433,4.82940774915477e-05,0.00793698959433148,"LRRC8B"
"ENSG00000259527.3",6.20370306557436,2.60418520034298,0.641181990780256,4.06153828053395,4.87504223160031e-05,0.00796513478998134,"LINC00052"
"ENSG00000214944.11",30.123401264082,-1.80299708593627,0.445160554287828,-4.05021754189501,5.11700409385026e-05,0.00831185914988851,"ARHGEF28"
"ENSG00000302260.1",9.78991076263919,1.23161957425694,0.304273167042104,4.04774297460977,5.17138880235692e-05,0.00835164345370231,""
"ENSG00000168566.14",776.635733440882,-0.362068945016352,0.0895021664527157,-4.04536514998924,5.22416307912183e-05,0.00838838461307958,"SNRNP48"
"ENSG00000149269.11",1747.75030498914,0.489529937223506,0.121186104784935,4.03948899993327,5.35677800713544e-05,0.00850847504288869,"PAK1"
"ENSG00000198355.6",964.453668854607,-0.689039223871026,0.170622417607298,-4.03838624216959,5.38201826956862e-05,0.00850847504288869,"PIM3"
"ENSG00000291112.2",38.8270582684697,-1.79419026215452,0.444323732129362,-4.0380248283298,5.39031490959339e-05,0.00850847504288869,""
"ENSG00000163428.5",1536.39715312401,-0.322571677967566,0.0799293905588441,-4.0357079631439,5.44378954537724e-05,0.00854460877012891,"LRRC58"
"ENSG00000171385.12",398.483026532623,2.06360350219819,0.511909906581659,4.03118493247798,5.54963544658999e-05,0.00866208182917753,"KCND3"
"ENSG00000298839.1",1.34398436915711,-3.38688094849512,0.841417028662953,-4.02521084446915,5.69242888398227e-05,0.00883559836608782,""
"ENSG00000069431.15",405.53454285727,0.938346830846684,0.23375815437603,4.0141779582039,5.96533283967788e-05,0.00911920718737879,"ABCC9"
"ENSG00000130513.7",548.776122105463,-1.07036552058937,0.266667946074522,-4.01385144463615,5.97359506030012e-05,0.00911920718737879,"GDF15"
"ENSG00000152208.13",52.5264273771905,-1.66083591607722,0.413755951949417,-4.01404718953811,5.96864055864633e-05,0.00911920718737879,"GRID2"
"ENSG00000188883.6",4.81888616384458,-1.62328089453941,0.404547263569103,-4.01258651515294,6.00570572489244e-05,0.00911920718737879,"KLRG2"
"ENSG00000259280.3",1018.95375862535,1.59260467977557,0.397121770623675,4.01036860123384,6.06240311522081e-05,0.00915553949384617,""
"ENSG00000121898.14",13.4310437792224,-2.59377163275644,0.647488548832545,-4.00589576052448,6.17828930571131e-05,0.00918166089958875,"CPXM2"
"ENSG00000126106.14",244.33576487835,0.373304765718002,0.093145345426854,4.00776618528034,6.12957588207801e-05,0.00918166089958875,"TMEM53"
"ENSG00000155511.19",2841.88729416696,1.05551080805591,0.263464633782253,4.0062713272107,6.16847871693115e-05,0.00918166089958875,"GRIA1"
"ENSG00000272505.1",82.0279277707789,0.619985452490192,0.154870221541234,4.00325799446939,6.24761064987483e-05,0.00923555523528322,""
"ENSG00000189362.13",103.916445313454,-0.431283856975223,0.107819704468407,-4.00004673636994,6.33299753575856e-05,0.00926374964144285,"NEMP2"
"ENSG00000197935.8",13.3185513174114,-1.67008774875783,0.417456725322679,-4.00062484911918,6.31754451144793e-05,0.00926374964144285,"ZNF311"
"ENSG00000259863.2",12.4655140012424,-2.0118690411246,0.503470764340967,-3.99599973547242,6.44218055263176e-05,0.00937437929479056,"SH3RF3-AS1"
"ENSG00000261655.1",24.1547089717607,-1.66127402000976,0.416426292776683,-3.98935909865963,6.62520595731069e-05,0.00959075799177738,""
"ENSG00000237380.8",6.04266392066256,-2.52656078796503,0.634461622961063,-3.98221215677861,6.82767901229507e-05,0.00983291360435628,"HOXD-AS2"
"ENSG00000162722.9",28.6026570800149,1.63986764161774,0.412143315864865,3.97887719755094,6.92414914760915e-05,0.00992070784795138,"TRIM58"
"ENSG00000310428.1",2.58099538861973,2.33895197904306,0.588201166383732,3.97644906660586,6.99519727942641e-05,0.00997136820356604,""
"ENSG00000265107.4",25.6807356574992,-1.39247824493609,0.350292134822246,-3.97519129466808,7.03227083346535e-05,0.00997333070132937,"GJA5"
"ENSG00000214274.11",15.0453238747575,-1.16546345759178,0.293300827689338,-3.9736112126701,7.07910812587948e-05,0.00998905060247206,"ANG"
"ENSG00000181523.14",730.226831064975,0.365000656081918,0.0920260412541605,3.96627575311914,7.30043963930205e-05,0.0102122681359198,"SGSH"
"ENSG00000196275.17",22.7643023931105,1.49586639329965,0.377177272905771,3.96595049795952,7.31040347608707e-05,0.0102122681359198,"GTF2IRD2"
"ENSG00000234350.8",34.2270800074558,1.05382806699035,0.265859440907537,3.96385422083566,7.37492987471651e-05,0.0102286524548568,"ERICH2-DT"
"ENSG00000288955.2",14.5889714043036,1.30657035103864,0.329676074850791,3.96319433137509,7.39535343384188e-05,0.0102286524548568,""
"ENSG00000213853.11",569.410955949318,-0.499490076639544,0.126486371696425,-3.9489635914164,7.84902874424677e-05,0.0108026607923897,"EMP2"
"ENSG00000267223.2",7.31292778658535,1.50182433639537,0.380627091940192,3.94565801593375,7.95811294233186e-05,0.0108991037988142,""
"ENSG00000163395.17",115.590674783017,-3.01273914238668,0.764187532658353,-3.94240813103345,8.06675533156858e-05,0.0109940037662778,"IGFN1"
"ENSG00000254226.7",14.4744834217696,-1.56092107302611,0.396201510749127,-3.9397150961761,8.15784313734824e-05,0.0110641737579792,"LINC01933"
"ENSG00000246985.9",83.5619239299582,1.00283222836335,0.254844925486014,3.93506845957733,8.31729846399464e-05,0.0112259421152438,"SOCS2-AS1"
"ENSG00000298646.1",4.0536595054994,-2.83839549088693,0.72228876758792,-3.92972398057045,8.50434274339946e-05,0.0114232130724922,""
"ENSG00000166265.13",493.976125145756,-0.740227668695737,0.188674098976344,-3.9233136541362,8.73393248441818e-05,0.0116754707981894,"CYYR1"
"ENSG00000174343.6",10.3483043008175,-1.17385209059995,0.299385695309573,-3.92086899604923,8.82302210038323e-05,0.0117384006886956,"CHRNA9"
"ENSG00000246792.3",18.4562976834392,-0.959821596636086,0.245476253181104,-3.91003848314388,9.22814180027026e-05,0.0122191968605569,""
"ENSG00000206530.11",211.249506318966,0.894352859738516,0.22887428939095,3.90761610715844,9.32112520769786e-05,0.0122840998668807,"CFAP44"
"ENSG00000287180.1",5.02778172386357,1.24023052120163,0.317951917487553,3.90068577350279,9.59205867714923e-05,0.0125818087972241,""
"ENSG00000132793.13",161.800235205946,-0.974466888505736,0.249971381525538,-3.89831380919971,9.68648374271358e-05,0.0125874729901244,"LPIN3"
"ENSG00000206140.12",46.5002549459444,0.877411615782008,0.225036528957592,3.89897417919806,9.66010741643202e-05,0.0125874729901244,"TMEM191C"
"ENSG00000134330.19",53.8221921584097,-1.37897080254476,0.353957586304513,-3.89586452134527,9.78490757651597e-05,0.0126565061472352,"IAH1"
"ENSG00000152583.14",824.190226457547,-1.27803437959658,0.328277993085318,-3.89314668213054,9.89522795783046e-05,0.0126900998733959,"SPARCL1"
"ENSG00000168843.15",70.262054044509,1.29688064013078,0.333132485209394,3.89298761817123,9.90172079315761e-05,0.0126900998733959,"FSTL5"
"ENSG00000158055.17",22.8621626425796,-1.45848313693662,0.375038226338823,-3.88889194356143,0.000100702938536667,0.012788815453527,"GRHL3"
"ENSG00000272636.6",117.686900965108,-1.84339559931081,0.473933684262493,-3.88956442751983,0.000100424305813432,0.012788815453527,"DOC2B"
"ENSG00000086619.15",232.517909493465,-0.680234487281013,0.175059905910691,-3.88572405395924,0.000102025345738847,0.0128981273058718,"ERO1B"
"ENSG00000067113.18",145.433654618608,-0.514421420144811,0.132430369634727,-3.88446714725407,0.000102554558172294,0.0129066297332239,"PLPP1"
"ENSG00000136114.18",76.2186574264359,-1.01125402213401,0.260558724260247,-3.88109830137166,0.000103985796392773,0.0129211202840415,"THSD1"
"ENSG00000157399.18",87.0637009683648,-1.35090585263393,0.348281213310492,-3.8787789895219,0.000104982078974818,0.0129211202840415,"ARSL"
"ENSG00000168140.6",278.882820375195,-1.39815714679778,0.360438406165124,-3.87904596980504,0.000104866937940149,0.0129211202840415,"VASN"
"ENSG00000231764.12",15.9540064948966,3.56519674271941,0.918476434816384,3.8816420406389,0.000103753522617629,0.0129211202840415,"DLX6-AS1"
"ENSG00000307294.1",4.98350816969891,2.43756415310638,0.628241006272104,3.87998256842633,0.000104463951150061,0.0129211202840415,""
"ENSG00000294331.1",2.80122196357955,-1.50302187701839,0.387654701084929,-3.87721823780772,0.000105657577909085,0.0129472239877278,""
"ENSG00000215559.9",4.71447460793028,2.43141161029626,0.627886510531134,3.87237433758453,0.000107780247884976,0.0131496608980714,"ANKRD20A11P"
"ENSG00000112238.12",79.8583350874164,-2.77384366050557,0.717399866306826,-3.86652380461864,0.000110397692644916,0.0132599897297879,"PRDM13"
"ENSG00000127252.8",60.9088389134952,-1.05744676660852,0.27343936348205,-3.86720753421419,0.000110088735784518,0.0132599897297879,"PLAAT1"
"ENSG00000164949.9",195.011132079986,-0.669345791370374,0.173178203596319,-3.86506949183184,0.000111057575316596,0.0132599897297879,"GEM"
"ENSG00000205929.12",170.279477229559,1.36650972875972,0.353224748894499,3.86866926237908,0.000109430958676697,0.0132599897297879,"EPCIP"
"ENSG00000293194.2",20.5925077131705,-1.26344129884268,0.32684503985604,-3.86556668994935,0.000110831558214029,0.0132599897297879,""
"ENSG00000134574.13",1781.80844587549,-0.909616711516111,0.235493859248313,-3.86259206256831,0.000112190264695482,0.013262731686334,"DDB2"
"ENSG00000149809.18",1544.22395791076,0.572241669042524,0.148175869863381,3.86190861960274,0.000112504649760591,0.013262731686334,"TM7SF2"
"ENSG00000248746.7",42.3748625657647,-2.29012058789922,0.592944388288307,-3.86228562599313,0.000112331123481273,0.013262731686334,"ACTN3"
"ENSG00000106006.6",6.76961501182204,-3.03968426450048,0.787971744876599,-3.85760566196002,0.000114503185266553,0.0134416155174883,"HOXA6"
"ENSG00000120068.8",808.85194893318,-2.50186551923389,0.649668254382174,-3.85098933549267,0.000117641622237205,0.0136949553486886,"HOXB8"
"ENSG00000164331.11",541.698293346201,-0.414445844833417,0.107599160373329,-3.85175723858295,0.000117273251559047,0.0136949553486886,"ANKRA2"
"ENSG00000101974.15",1344.24485511766,0.385975172914215,0.100277149548784,3.84908401017562,0.000118560343589796,0.0137446366786527,"ATP11C"
"ENSG00000013375.18",1738.90156571731,-0.421316293724798,0.109512558625196,-3.84719614822206,0.000119477313967739,0.0137886662556388,"PGM3"
"ENSG00000182752.10",1599.26093532677,-1.50868765957931,0.392246443700069,-3.84627492182676,0.000119927194964753,0.0137886662556388,"PAPPA"
"ENSG00000288675.1",35.516947507265,0.515319125019,0.134078952949932,3.84340057616226,0.000121341170218334,0.0138940612898772,"PANO1"
"ENSG00000137252.10",7.88027933815402,2.53739986339308,0.660445922161274,3.84194947421218,0.000122060966314337,0.0139194340320663,"HCRTR2"
"ENSG00000136535.15",19.1761293147518,3.11221722794678,0.811083478558517,3.83711086493576,0.000124490279821257,0.0139421580507174,"TBR1"
"ENSG00000137460.11",281.804277670689,-1.37706661038592,0.358697677858425,-3.83907311195205,0.000123499654277649,0.0139421580507174,"FHDC1"
"ENSG00000139874.7",3.06017817696098,-2.74732204492457,0.716084660433351,-3.83658832080271,0.000124755342448883,0.0139421580507174,"SSTR1"
"ENSG00000145217.15",91.6719412031293,0.805593298015129,0.209872978360039,3.8384803241946,0.000123798132568745,0.0139421580507174,"SLC26A1"
"ENSG00000287670.2",8.43327112310969,-1.11810820175184,0.291331431898216,-3.83792505486494,0.000124078336435699,0.0139421580507174,""
"ENSG00000077942.20",3639.06287177485,-0.953576927212341,0.248676235902627,-3.83461219666252,0.000125762557257446,0.0139987254470749,"FBLN1"
"ENSG00000137166.19",4273.93614034286,0.402537282956965,0.105173489974102,3.82736451035413,0.000129522637376967,0.0143274408074532,"FOXP4"
"ENSG00000146938.17",1478.06800577494,0.679055044120587,0.177440310932806,3.82694913320872,0.000129741312297708,0.0143274408074532,"NLGN4X"
"ENSG00000253595.7",6.33564599373914,-2.57360722237667,0.674047407215873,-3.81813978486596,0.000134461734941085,0.0147902614666101,"LINC01300"
"ENSG00000188199.11",23.947763703622,0.826768033186316,0.216600510205239,3.81701793962958,0.000135074352339222,0.0147993816862961,"NUTM2B"
"ENSG00000227388.4",16.5903347832592,-1.0285083672656,0.26965100273922,-3.81422044352741,0.000136613483703281,0.0149095473483827,""
"ENSG00000187773.9",4.51266419758152,-3.35644005877897,0.880526602831135,-3.81185536926095,0.000137927577720408,0.0149667062405083,"DIPK1C"
"ENSG00000288674.1",27.5969547816902,0.938582301584761,0.246259652201827,3.81135233966596,0.000138208604819469,0.0149667062405083,""
"ENSG00000293752.1",16.4919170171813,-1.87586527322918,0.492509645478343,-3.80878890484931,0.00013964911398509,0.0150643111800364,""
"ENSG00000265962.3",12.0709472548058,1.30760779723794,0.343835898105466,3.80299964152333,0.000142954562590897,0.0153615674008734,"GACAT2"
"ENSG00000290960.2",375.161701989343,-1.34782494897774,0.354581639862565,-3.80116959665524,0.000144014683072228,0.0154161924534674,""
"ENSG00000170915.10",565.051877489273,-0.394598407970179,0.103977003282805,-3.79505463238748,0.000147610948595287,0.0156809973110408,"PAQR8"
"ENSG00000310059.1",54.6878395065766,-1.65879551947073,0.437059459587377,-3.79535434614957,0.000147432731345301,0.0156809973110408,""
"ENSG00000291064.2",188.052429095153,-0.724475442493242,0.191051144842108,-3.79204973145791,0.00014940898374432,0.015811884836487,""
"ENSG00000116678.20",223.064790132506,-0.809695120109535,0.213774973333479,-3.78760482335061,0.000152106519642427,0.0160366190652444,"LEPR"
"ENSG00000188315.8",235.255624504845,0.321324717629362,0.084859376511762,3.78655524984707,0.000152750144547231,0.0160439334154326,"C3orf62"
"ENSG00000128645.16",1.3252737483445,-2.75869665319566,0.729209576804627,-3.78313277958332,0.000154866744301313,0.0160848400335851,"HOXD1"
"ENSG00000167528.14",630.532934224534,0.396955630778984,0.104902557148054,3.78404151024404,0.000154302071025856,0.0160848400335851,"ZNF641"
"ENSG00000205038.12",36.2206812467832,1.87636011652903,0.495797958911542,3.78452569802491,0.000154001995058634,0.0160848400335851,"PKHD1L1"
"ENSG00000135074.17",683.655309508189,-0.442828293222107,0.117258906298984,-3.77650028640891,0.000159047376782979,0.0163971389665669,"ADAM19"
"ENSG00000164023.16",49.2440074494716,-1.29312736835476,0.342382876733119,-3.77684591207734,0.000158826922475886,0.0163971389665669,"SGMS2"
"ENSG00000125848.11",1124.50765308616,0.938257292992031,0.248619652958559,3.77386615187827,0.000160737021474709,0.0164803076645033,"FLRT3"
"ENSG00000248905.10",60.8091557110075,-1.78761199865379,0.473749301211178,-3.77332904572867,0.000161083610742703,0.0164803076645033,"FMN1"
"ENSG00000249505.1",26.8993519909036,1.09814674380323,0.29109301973372,3.77249425220765,0.000161623690900674,0.0164803076645033,"JMJD4P1"
"ENSG00000172819.18",119.990060345998,-1.63563364554087,0.434343686614648,-3.76575899672743,0.000166043899435637,0.0168265045819984,"RARG"
"ENSG00000187955.14",1696.85052866903,-1.95070851778488,0.518049176767137,-3.76548907954683,0.000166223388977113,0.0168265045819984,"COL14A1"
"ENSG00000185215.12",163.841343638534,-1.26704805833577,0.337632944586392,-3.75273822845675,0.000174913477857676,0.0176231019573229,"TNFAIP2"
"ENSG00000259803.8",19.0543938669439,-1.71462280956015,0.456975930537477,-3.75210748527495,0.000175354248331572,0.0176231019573229,"SLC22A31"
"ENSG00000155858.6",573.371714195674,-0.28987327317122,0.0773129484414519,-3.74934961109054,0.00017729377877936,0.0177159088386184,"LSM11"
"ENSG00000232389.1",119.637682525358,1.0798875952753,0.288047358827801,3.74899321996865,0.000177545884778022,0.0177159088386184,""
"ENSG00000184613.12",4435.95664960816,0.958253103826139,0.255932981260436,3.74415637682517,0.000181000902336844,0.0179963850903527,"NELL2"
"ENSG00000123119.13",18.284570852418,-1.05846934514237,0.283099011951136,-3.73886626395242,0.000184852026846349,0.0182494020426154,"NECAB1"
"ENSG00000163291.15",1068.01308570366,-0.370684708527271,0.0991326703557607,-3.73927896017512,0.000184548841657428,0.0182494020426154,"PAQR3"
"ENSG00000211455.9",1547.71950410902,-0.47870504577281,0.128129756531682,-3.73609580421268,0.000186899485025605,0.0182579885039524,"STK38L"
"ENSG00000235904.4",26.9970337003734,-1.4185677839115,0.379610410917576,-3.73690431851594,0.000186299774971626,0.0182579885039524,"RBMS3-AS3"
"ENSG00000260027.5",164.685922176221,-2.40444765247215,0.643337003019194,-3.73746207848768,0.000185887115108985,0.0182579885039524,"HOXB7"
"ENSG00000173559.16",80.9693638168754,-1.10594191984596,0.296187410805278,-3.73392615452195,0.00018851778901401,0.0183519111751304,"NABP1"
"ENSG00000102174.10",53.1818006216246,1.02433767054898,0.274563010877997,3.73079267769302,0.000190878254895278,0.0185171790399971,"PHEX"
"ENSG00000182871.17",3432.73484305888,-1.28396107133742,0.344240892585186,-3.72983308779821,0.000191606657060591,0.0185235238464216,"COL18A1"
"ENSG00000280169.1",5.1725213429694,1.16552569664462,0.312591984357203,3.72858472056264,0.000192558173537966,0.0185513200361284,""
"ENSG00000286311.2",54.0841485514559,0.563561793480962,0.151314586532991,3.72443798310276,0.000195750824526622,0.0187940972042931,""
"ENSG00000293470.3",16.0833467553147,-1.75990413013114,0.472804888826515,-3.72226297088247,0.000197445229036731,0.0188918570344425,""
"ENSG00000008441.19",38.8136692118803,1.80613644020936,0.485411160778406,3.72083830399169,0.000198562549600293,0.0189339217518177,"NFIX"
"ENSG00000003989.19",185.092290662925,-0.779694786480851,0.209801434269854,-3.71634631190358,0.00020212449412505,0.0191429025130839,"SLC7A2"
"ENSG00000170275.16",2133.79886745664,-0.572609950363541,0.154067226155578,-3.71662400013171,0.000201902570783729,0.0191429025130839,"CRTAP"
"ENSG00000105997.24",387.525199148741,-1.22989679899317,0.331367353395873,-3.711581078791,0.000205968670308335,0.0194410766207587,"HOXA3"
"ENSG00000143333.8",252.941158641397,-0.955824308621878,0.257606700502716,-3.7104015802252,0.00020693073435568,0.0194661204954995,"RGS16"
"ENSG00000124212.7",389.729887112923,-1.38098735027185,0.372455409235847,-3.70779243911417,0.000209073909244179,0.0195361737470673,"PTGIS"
"ENSG00000137502.11",512.824369010888,-0.725682953331731,0.195683306478696,-3.70845610895652,0.000208526795816071,0.0195361737470673,"RAB30"
"ENSG00000102172.17",6699.99834119978,1.0517129443436,0.283724382364136,3.70681199684071,0.000209884629727892,0.0195465555665585,"SMS"
"ENSG00000141431.14",1210.96032899503,-0.992444652946896,0.267974773393981,-3.70350029734995,0.000212644932032878,0.019737829754374,"ASXL3"
"ENSG00000300939.1",22.2692940287077,1.88737285675611,0.509766150261343,3.70242876226385,0.000213545331879975,0.0197557716138894,""
"ENSG00000188647.14",3550.49484559618,-0.593467418237991,0.160386270265141,-3.70023828883175,0.000215397115384483,0.0198613201542148,"PTAR1"
"ENSG00000115844.11",27.8858543195331,1.81940605857734,0.492110081293771,3.69715258381636,0.000218031303853211,0.0199518250657189,"DLX2"
"ENSG00000172164.15",117.085231231405,-1.31792390377181,0.356604872911117,-3.69575405129222,0.000219235129932198,0.0199518250657189,"SNTB1"
"ENSG00000189275.7",16.8956629716944,-2.23243355965324,0.603996046427444,-3.6961062458236,0.000218931382108701,0.0199518250657189,"LINC01164"
"ENSG00000293271.2",31.5263905463939,-0.982320195948684,0.265769886351808,-3.69613054899814,0.000218910436577745,0.0199518250657189,"SLC44A3-AS1"
"ENSG00000298982.1",22.1226117501239,0.807627412387174,0.218609703087579,3.6943804459751,0.000220423571493737,0.0199948511816997,""
"ENSG00000261324.2",17.6580503639195,-1.55968337591679,0.42230354732344,-3.69327557346383,0.000221383892029038,0.0200169726841401,""
"ENSG00000125851.11",267.127267147874,1.4076674330581,0.381926807333001,3.68569947443034,0.000228075360966902,0.0205554758388847,"PCSK2"
"ENSG00000147955.19",1096.45698556782,-0.310858042251106,0.0843855496762916,-3.68378286855483,0.000229798009496813,0.0206441369367571,"SIGMAR1"
"ENSG00000166268.12",15.5222849404243,0.959615959600221,0.260683995761673,3.68114642709994,0.000232187606411945,0.0207255256726624,"MYRFL"
"ENSG00000185432.13",221.855544528563,-1.05780819739923,0.287323483658955,-3.68159324789067,0.000231780986167648,0.0207255256726624,"TMT1A"
"ENSG00000215845.12",6.18622054181582,-1.32121107442533,0.35900432389746,-3.68020936372539,0.000233042537114551,0.0207355905873995,"TSTD1"
"ENSG00000156113.25",351.396740715877,-1.44409971196019,0.392723344582995,-3.67714252763248,0.000235861268506463,0.020835861392667,"KCNMA1"
"ENSG00000163710.10",33.0760741021121,-1.24141650255726,0.337793646528051,-3.6750735702608,0.000237780885646079,0.020835861392667,"PCOLCE2"
"ENSG00000198216.14",118.529934207196,1.34579871952634,0.365970706210479,3.67734000751506,0.000235678805217662,0.020835861392667,"CACNA1E"
"ENSG00000226363.5",15.1171609688865,-2.38961096826855,0.650654284977585,-3.67262772787375,0.000240069089905317,0.020835861392667,"HAGLROS"
"ENSG00000242574.10",12.329752285022,2.71207194945471,0.738316260578914,3.67332008552564,0.000239419268102185,0.020835861392667,"HLA-DMB"
"ENSG00000287886.2",4.63428102497533,1.73093042264199,0.471314786693503,3.67255700756874,0.000240135558482364,0.020835861392667,""
"ENSG00000300535.1",5.75135141069998,1.54092714182031,0.419550421627923,3.6728056090166,0.000239901979338528,0.020835861392667,""
"ENSG00000301550.1",10.3623618314078,-2.42185341177461,0.658979589284392,-3.67515694136229,0.000237703249772975,0.020835861392667,""
"ENSG00000213080.3",117.013208156358,1.04560500739929,0.2848577173984,3.67062201069634,0.00024196093599482,0.0209292464110195,""
"ENSG00000143847.17",201.106687176944,-1.0364039455744,0.282430048889503,-3.66959517816703,0.000242934876340933,0.0209486342903991,"PPFIA4"
"ENSG00000148908.16",44.1973600036533,-1.35852834163373,0.370743208752603,-3.66433776684572,0.000247979360834731,0.0213178318841894,"RGS10"
"ENSG00000163909.9",178.181762363686,-1.58344909851919,0.432289534944441,-3.66293645929389,0.000249340405118661,0.021369084596964,"HEYL"
"ENSG00000111860.15",685.972148552989,-0.638650043103289,0.174442943138379,-3.66108271056097,0.000251151657508644,0.0214584897832844,"CEP85L"
"ENSG00000238107.2",6.57547639077889,-1.22067650877829,0.333552885080852,-3.65961909902954,0.000252590426229391,0.021515621702509,"LINC02806"
"ENSG00000160867.16",124.480223362095,-1.03614499122693,0.283312863692765,-3.65724654264399,0.000254939143874245,0.0215254762705093,"FGFR4"
"ENSG00000186297.13",27.0277788647091,-1.55100786590345,0.424010671928369,-3.6579453504073,0.000254245238354968,0.0215254762705093,"GABRA5"
"ENSG00000297840.1",4.84997008176207,2.1534336804502,0.588825507411762,3.65716779138155,0.00025501745393674,0.0215254762705093,""
"ENSG00000305429.1",20.9316956995396,0.99829505981703,0.27329170740016,3.65285529266098,0.000259340396429314,0.0218244317344536,""
"ENSG00000128709.13",4.36781026064085,-2.55595598937607,0.699957325024456,-3.65158831545447,0.000260623442007432,0.0218429732406861,"HOXD9"
"ENSG00000172183.17",89.5359749396189,-0.686536610097237,0.188035797158253,-3.65109527267003,0.00026112434455024,0.0218429732406861,"ISG20"
"ENSG00000128683.15",226.353631361002,1.17715005191755,0.322656082705682,3.6483119798839,0.000263968978245688,0.0220150127856904,"GAD1"
"ENSG00000259207.10",69.7779965195266,1.17435595526477,0.322135308188741,3.64553628680996,0.000266834758147293,0.022187786630587,"ITGB3"
"ENSG00000293485.2",27.1137128841991,1.54170844638196,0.423178686325767,3.64316185148119,0.000269309377025113,0.0223271058893312,"SERHL"
"ENSG00000205143.6",37.8488401567769,-1.16576093150633,0.320353394419736,-3.63898417127092,0.000273715621007104,0.0226252684476849,"ARID3C"
"ENSG00000179673.5",100.193350967732,1.00285240803008,0.276048994469802,3.63287832276376,0.000280277204603157,0.0230469902677117,"RPRML"
"ENSG00000184575.13",3792.88179119022,-0.232098260225158,0.0638913321938877,-3.63270340835627,0.000280467328502165,0.0230469902677117,"XPOT"
"ENSG00000167244.22",57.6853900191027,-1.46244831536737,0.402825791293548,-3.63047338818892,0.00028290187363112,0.0231788722797063,"IGF2"
"ENSG00000298550.1",10.5942127655588,-0.846485751049277,0.233449470267145,-3.62599131229817,0.000287855031973301,0.0235157360769066,""
"ENSG00000100625.9",217.144030534999,-0.942128858441586,0.25988080465789,-3.62523449810699,0.000288699365437326,0.0235159521019051,"SIX4"
"ENSG00000134463.16",12.1007627652756,-1.98222480411872,0.546974489163152,-3.62398035628944,0.0002901036482925,0.0235616448536167,"ECHDC3"
"ENSG00000237919.5",7.19488799212263,2.57671158841657,0.711357586685293,3.62224517829809,0.000292057108728121,0.023651546552913,"LRRC7-AS1"
"ENSG00000310591.1",3.72929359268523,1.87835095535822,0.518802572639005,3.62055058016302,0.000293976771825041,0.0237381995029475,""
"ENSG00000121644.20",1525.87995863662,-0.287177644032896,0.0794401399129989,-3.61501936360392,0.000300325173450175,0.0241809366600128,"DESI2"
"ENSG00000164118.14",652.303926216983,-0.346460935387989,0.0958933035200627,-3.61298362523826,0.000302693825870667,0.0243016172442545,"CEP44"
"ENSG00000146374.15",104.747146657177,-2.62905803731282,0.728394845798443,-3.60938583307922,0.000306922815957599,0.0245705345416601,"RSPO3"
"ENSG00000125845.8",81.4637214300021,-1.74068084177212,0.482430078941483,-3.60815155968593,0.000308386331414881,0.0246171591811439,"BMP2"
"ENSG00000163947.13",123.791435819479,-0.660878425253311,0.183304311186709,-3.60536214873941,0.000311717925054987,0.024812213983223,"ARHGEF3"
"ENSG00000111981.6",91.7399866496821,-0.646556059531675,0.179553582830867,-3.60090870556846,0.000317106920094996,0.0251694609106082,"ULBP1"
"ENSG00000158813.18",45.6325197253111,-0.894368989298318,0.248549346847826,-3.59835582205691,0.000320235297487473,0.0253457619730949,"EDA"
"ENSG00000179855.10",13.4037560257222,-1.2886434787396,0.35852948635646,-3.59424685493899,0.000325331279303763,0.0256763576623385,"GIPC3"
"ENSG00000241219.3",48.093443188609,-1.87416411511157,0.521693625087702,-3.59246121667005,0.000327569418535581,0.0257801746041284,"LOLI1"
"ENSG00000260747.1",15.8507183910895,1.02852224200862,0.286566860590855,3.58911787597481,0.000331798797638461,0.0260396814809578,""
"ENSG00000083067.27",236.988990802085,1.25522724670001,0.350155667185075,3.58476918791824,0.00033737643641846,0.026403250019875,"TRPM3"
"ENSG00000288105.1",2.02676380852313,2.17757539947948,0.608526248737432,3.5784411995333,0.000345649609935497,0.0269000124010804,""
"ENSG00000294432.1",6.78511482707505,-1.36279122833929,0.380806276373544,-3.57869949339407,0.000345308235806322,0.0269000124010804,""
"ENSG00000232445.3",18.6454153779047,-0.760330897854495,0.21253221074001,-3.57748547952858,0.000346915484520782,0.0269235325611837,"EMSLR"
"ENSG00000189120.6",19.7608422397558,-1.16142705226148,0.324977014593571,-3.57387445913369,0.00035173762107445,0.0272221534493049,"SP6"
"ENSG00000187391.23",333.463828172657,0.770661952004508,0.215891667594659,3.56966973570949,0.000357431565039689,0.027586410208961,"MAGI2"
"ENSG00000152578.16",327.053458522828,1.14812029964067,0.321902273561143,3.56667347185601,0.00036154151210182,0.0278267446463161,"GRIA4"
"ENSG00000164116.18",52.6981362951116,-1.34555745820242,0.377446943705641,-3.56489165071045,0.000364006529327649,0.0279395011617725,"GUCY1A1"
"ENSG00000174059.18",19.2282234725484,2.15473898802935,0.604812380946738,3.56265687659443,0.000367120389022904,0.0281013056134546,"CD34"
"ENSG00000156510.14",15.6951732383694,1.16648856059244,0.32780866715392,3.5584433160967,0.000373059278057732,0.0284778775127185,"HKDC1"
"ENSG00000096696.17",432.333156614733,-2.47257674081146,0.695114832564946,-3.55707665118833,0.00037500476087518,0.0285483869593778,"DSP"
"ENSG00000267662.2",30.7208831666008,-1.21874628641132,0.343008054429029,-3.55311273503487,0.000380701277512883,0.0289032961750882,"TSHZ3-AS1"
"ENSG00000158711.15",1243.80826646247,-0.578212243394199,0.162901285601849,-3.54946396683094,0.000386016290866201,0.0291243768967679,"ELK4"
"ENSG00000183196.11",172.681692121473,-0.894562129304225,0.252062436655452,-3.54897041056148,0.000386740535763659,0.0291243768967679,"CHST6"
"ENSG00000303299.1",3.75375213642434,-1.58719198099463,0.447194139713916,-3.5492235699019,0.000386368891049374,0.0291243768967679,""
"ENSG00000160801.15",18.935740949229,-1.36609190030616,0.385089464231426,-3.54746630898525,0.00038895549503385,0.0291341221869993,"PTH1R"
"ENSG00000273264.1",5.58794576572836,1.33055133062905,0.375063225020663,3.54753876644597,0.000388848522036409,0.0291341221869993,""
"ENSG00000106785.16",41.1605435472295,-1.18644417504846,0.334843973438333,-3.5432746866115,0.000395190842295734,0.0294432985144013,"TRIM14"
"ENSG00000295894.1",26.7867997962987,0.968145150651529,0.273224759861843,3.54340196379374,0.000395000141070752,0.0294432985144013,""
"ENSG00000111057.12",113.497140499743,-1.69620458263301,0.479539176480413,-3.53715538964373,0.000404461625629017,0.0298948501546273,"KRT18"
"ENSG00000284070.1",20.215838808146,-1.00772568325921,0.284892609422995,-3.53721244401602,0.000404374257233479,0.0298948501546273,""
"ENSG00000303637.1",5.27239030935794,1.33196293472693,0.376439196511674,3.53832158571624,0.000402679307195881,0.0298948501546273,""
"ENSG00000049130.17",1946.52332552599,-0.679022433699739,0.192131838144671,-3.53414842775017,0.000409091275673046,0.0301329834971147,"KITLG"
"ENSG00000064225.14",167.560696861028,-0.462735297547579,0.131076020242125,-3.53028186767349,0.000415117160893941,0.0301329834971147,"ST3GAL6"
"ENSG00000145248.7",80.5602485742344,0.701008498323997,0.198574278119042,3.53020796532245,0.000415233138136267,0.0301329834971147,"SLC10A4"
"ENSG00000149090.14",65.7531091459499,-1.68935886771321,0.478229921692774,-3.53252440109444,0.000411612238076882,0.0301329834971147,"PAMR1"
"ENSG00000234446.4",5.51989849058912,3.00450087245783,0.851042858983727,3.53037551604118,0.000414970239076215,0.0301329834971147,""
"ENSG00000253250.4",32.9857692705759,-0.705481056955543,0.199751984031501,-3.53178498013962,0.000412764835375144,0.0301329834971147,"C8orf88"
"ENSG00000254369.7",4.0072456080453,-3.24894122311419,0.920062390375241,-3.53121837942874,0.000413650082519035,0.0301329834971147,"HOXA-AS3"
"ENSG00000011105.15",850.843088272799,-0.621895925252035,0.176391212193014,-3.52566274430686,0.000422424540526908,0.0304964321389697,"TSPAN9"
"ENSG00000102098.20",665.969031896984,-0.422963735678372,0.119966108399756,-3.52569355895879,0.00042237539671181,0.0304964321389697,"SCML2"
"ENSG00000141564.16",1180.6526522446,0.265104147355457,0.0752287930287487,3.52397182889997,0.000425129445762294,0.0306126071782287,"RPTOR"
"ENSG00000112333.13",16.9828922722032,3.71296694686632,1.05406888204208,3.52250883231946,0.000427482797339808,0.0307029354109946,"NR2E1"
"ENSG00000099994.12",63.1347843893215,-1.27186487088884,0.361172012211307,-3.5214934377161,0.000429123288569776,0.030741732203464,"SUSD2"
"ENSG00000154429.11",578.5673778889,-0.278873068540027,0.0792905083173713,-3.51710531888381,0.000436280637328096,0.03114738668493,"CCSAP"
"ENSG00000304497.1",7.52657446841137,1.99447957623584,0.567151891093952,3.51665860161162,0.000437015483034202,0.03114738668493,""
"ENSG00000305144.1",7.46413538098168,1.31446560370711,0.374050827437036,3.51413633466264,0.000441186314205706,0.0313646423221202,""
"ENSG00000073711.12",755.609711253952,0.260916367899704,0.0743559999421638,3.50901565579983,0.000449768428820536,0.0318936043980125,"PPP2R3A"
"ENSG00000169213.8",384.891356338238,-1.36872300350899,0.390781566351842,-3.50252704160731,0.000460866999540642,0.032597881266243,"RAB3B"
"ENSG00000160200.19",417.498802881131,0.823804085752182,0.235368536387307,3.50006036659286,0.000465152807439022,0.0328179401187849,"CBS"
"ENSG00000140836.17",4049.28787850118,0.420964735483149,0.120372034167143,3.4971971554341,0.00047017421326706,0.0329654342349439,"ZFHX3"
"ENSG00000258516.3",1.98405655180105,-2.70160233113892,0.772556325211962,-3.49696487229937,0.000470583793649743,0.0329654342349439,""
"ENSG00000304812.1",10.1539813139174,-1.47234915698594,0.421049901091374,-3.49685192460458,0.000470783072398533,0.0329654342349439,""
"ENSG00000164683.19",297.066327274865,-1.31057845777423,0.375036459260946,-3.49453613218534,0.000474886325055168,0.0331696225892908,"HEY1"
"ENSG00000128165.9",217.225803293633,-0.790219503173863,0.226205179382966,-3.49337493212752,0.000476956340210448,0.0332311301474805,"ADM2"
"ENSG00000155966.14",361.156199615436,-1.10897935493356,0.317800747711219,-3.48954293821004,0.000483847320126283,0.0336273887487767,"AFF2"
"ENSG00000075643.7",31.0429720637794,-0.814064770711985,0.233527427852922,-3.48594928739888,0.000490393961069193,0.0338578008863649,"MOCOS"
"ENSG00000155158.21",295.855355796305,-0.612144552454217,0.175614504783643,-3.48572888787507,0.000490798144492565,0.0338578008863649,"TTC39B"
"ENSG00000169018.6",2566.25197568675,-0.186979631053674,0.0536223115893927,-3.48697446103128,0.000488518005417705,0.0338578008863649,"FEM1B"
"ENSG00000287283.1",1.87249828630827,2.09755073790443,0.602478051536487,3.48153884204592,0.000498541470340132,0.0342229733165429,""
"ENSG00000289007.3",182.210164187481,-0.977141660604987,0.28066206123688,-3.48155948224251,0.000498503049035752,0.0342229733165429,"LINC03112"
"ENSG00000182272.13",5422.45468586367,0.337555295913975,0.097032652722143,3.47878045631276,0.000503701062236141,0.0344080781853681,"B4GALNT4"
"ENSG00000302391.1",11.9298189028451,1.24322974861361,0.357359816992135,3.47892988942562,0.000503420275294523,0.0344080781853681,""
"ENSG00000178974.12",728.036203582763,-0.284687191170322,0.0818975956715986,-3.47613612873191,0.000508694007058033,0.0346033319141878,"FBXO34"
"ENSG00000249835.2",30.6296998491804,-1.04773741753413,0.301424276354026,-3.47595565363009,0.000509036451438176,0.0346033319141878,"VCAN-AS1"
"ENSG00000104044.17",13.7994904744002,-1.82331856673504,0.524980767517363,-3.47311497782579,0.000514454912304774,0.0348867859099104,"OCA2"
"ENSG00000301037.1",19.1126557414046,0.954614383112361,0.275016313249537,3.4711191195636,0.000518294025978543,0.0350620261303015,""
"ENSG00000206344.9",14.3834647091227,-1.15077425124545,0.331650806346969,-3.46983703709597,0.000520774231232442,0.0351447131555633,"HCG27"
"ENSG00000041515.16",616.979378239427,1.03926828714815,0.299720803004031,3.46745463355166,0.000525412422329293,0.0353722835360436,"MYO16"
"ENSG00000066382.18",95.4916731798853,-1.94081807062647,0.559889853148757,-3.46642836927929,0.000527422248049201,0.035422236029439,"MPPED2"
"ENSG00000105639.21",86.5560985860426,-1.58589408146416,0.457588212680749,-3.46576690027329,0.000528721456986633,0.0354243376181044,"JAK3"
"ENSG00000142619.4",4.80331985570171,-1.85124826317051,0.534419944520808,-3.46403288677867,0.000532141449389751,0.0355681817093308,"PADI3"
"ENSG00000111785.21",892.55062214672,0.33828338186815,0.0977180349152424,3.46183160725209,0.000536512725865623,0.0356314323246598,"RIC8B"
"ENSG00000235501.10",595.290337566161,-0.512376910272229,0.1480433730897,-3.46099186730756,0.000538189070510986,0.0356314323246598,"CNN3-DT"
"ENSG00000285943.1",22.9151314099298,0.654267382469862,0.189010132536058,3.4615466043602,0.000537081121410451,0.0356314323246598,"SPICE1-CFAP44"
"ENSG00000289158.2",5.03836808273682,2.57437354197893,0.743596570398504,3.46205677172407,0.000536064065451455,0.0356314323246598,""
"ENSG00000156017.14",324.652630407605,-0.373842323093246,0.108056320226559,-3.4596988154827,0.000540779891811986,0.0356340787672997,"CARNMT1"
"ENSG00000183281.16",29.1640159449403,0.761051863247372,0.219969200732886,3.45981101314058,0.000540554627593659,0.0356340787672997,"PLGLB1"
"ENSG00000258053.2",8.81745501112806,-1.80119729396503,0.521123835848278,-3.45637096225519,0.000547501273597031,0.0359076011338673,""
"ENSG00000289405.3",232.144225717589,-0.35274385230212,0.10203967244984,-3.45692850470018,0.000546369785423362,0.0359076011338673,""
"ENSG00000092094.12",409.059304193444,0.277744088759452,0.0804734321550714,3.45137620356793,0.000557735555172975,0.0364931467821493,"OSGEP"
"ENSG00000135974.12",663.496981894469,-0.286325957687775,0.0830042938383653,-3.44953187898133,0.000561559421580338,0.0365720482040397,"C2orf49"
"ENSG00000237686.9",18.9800476171398,-1.18852720040872,0.344497253592161,-3.45003389146254,0.000560516180003407,0.0365720482040397,"SCIRT"
"ENSG00000163081.4",12.8760411006514,-2.04485281614313,0.593027746478732,-3.44815706901577,0.000564425704946346,0.0366732320244092,"CCDC140"
"ENSG00000119630.15",104.838273556235,-1.34603090814389,0.390462875690506,-3.44726987364299,0.000566282608110631,0.0367085145893339,"PGF"
"ENSG00000273419.1",10.6389245584175,0.72483931512742,0.210421231200368,3.44470617813851,0.000571680453873558,0.036972639353642,""
"ENSG00000105643.12",15.8931766553044,-1.2243560263868,0.355511469751472,-3.44392834144764,0.000573327634016128,0.0369935352581445,"ARRDC2"
"ENSG00000122420.11",38.9658104923961,-2.41078366445272,0.700371232432005,-3.44215118042669,0.00057710762307838,0.0371516356709375,"PTGFR"
"ENSG00000152049.7",12.2639939719171,-2.19838422114336,0.639172497317376,-3.43942242566762,0.000582956828052228,0.0373560339884202,"KCNE4"
"ENSG00000225882.2",31.9714923637745,-1.31340211126633,0.381804004136397,-3.43999040616957,0.000581734807389335,0.0373560339884202,"LINC01456"
"ENSG00000159873.11",1018.66108363164,-0.296661082254202,0.086305632063239,-3.43733166842262,0.000587475751802768,0.0375594623103376,"CCDC117"
"ENSG00000100889.13",570.304046572518,-0.562461378729745,0.163726265703476,-3.43537658000713,0.000591730928261119,0.0375995839398722,"PCK2"
"ENSG00000188582.11",78.8936617276368,-1.15904892129408,0.337404699046867,-3.43518903135693,0.000592140625417652,0.0375995839398722,"PAQR9"
"ENSG00000277287.2",72.3028193665977,-0.984221692857546,0.286487567503225,-3.43547785139565,0.000591509812187839,0.0375995839398722,""
"ENSG00000052723.13",1523.82739430498,-0.216892621312824,0.0631732220275224,-3.43329997033128,0.000596282000090485,0.0376912280554934,"SIKE1"
"ENSG00000157303.12",4.19877173143344,-1.62399820912237,0.472986792016773,-3.43349589572636,0.000595851224531464,0.0376912280554934,"SUSD3"
"ENSG00000297815.1",13.3573167898617,1.8620059699247,0.5425843145752,3.43173571352225,0.000599731697386282,0.0378237108200346,""
"ENSG00000109189.14",1195.39263305881,-0.44858860478448,0.13077277068443,-3.43029059059227,0.00060293516428585,0.0378885215432429,"USP46"
"ENSG00000161395.14",522.07241488322,0.318544737137368,0.0928688506113818,3.4300493119092,0.0006034715661528,0.0378885215432429,"PGAP3"
"ENSG00000151612.19",1332.20954359179,0.407305654533742,0.118932021982964,3.42469292746143,0.000615494663536962,0.0384038141655477,"ZNF827"
"ENSG00000167333.14",265.615090143069,-0.395885002702358,0.115561029614563,-3.42576562378144,0.000613069152959508,0.0384038141655477,"TRIM68"
"ENSG00000198203.11",10.269903493057,-1.9176825921814,0.559979751797989,-3.42455702375682,0.000615802596591337,0.0384038141655477,"SULT1C2"
"ENSG00000073350.15",72.7716473515265,-0.918512361579008,0.268400987900887,-3.42216460812056,0.000621246903325208,0.0384645560576218,"LLGL2"
"ENSG00000155629.16",164.984129939432,-1.91059002199875,0.558372655646641,-3.42171129384216,0.000622283522604426,0.0384645560576218,"PIK3AP1"
"ENSG00000169062.16",2085.36301842625,0.255089980297032,0.0745436176599548,3.42202308265578,0.000621570364941626,0.0384645560576218,"UPF3A"
"ENSG00000183779.7",3162.69868760302,1.16941243650555,0.341613880446027,3.42319941736183,0.000618886563916345,0.0384645560576218,"ZNF703"
"ENSG00000266846.2",12.2322714718293,-1.28971433318243,0.377638088159983,-3.41521253713172,0.000637322610630307,0.0393071885615897,""
"ENSG00000198108.4",34.1101535250835,-1.12418088863427,0.329258481956007,-3.41428072545287,0.000639506467430411,0.0393550026289389,"CHSY3"
"ENSG00000139269.4",58.1400893501016,-1.01972547043003,0.29871800423761,-3.41367261418533,0.000640935429466099,0.0393562526678096,"INHBE"
"ENSG00000231105.2",16.9674817223116,-1.0321452880503,0.30240929011816,-3.41307400856305,0.000642344954951722,0.039356306351746,"ECE1-AS1"
"ENSG00000115850.10",4.84442869252872,1.19391388524549,0.349904296224976,3.41211553595172,0.000644607857952454,0.0394085316046687,"LCT"
"ENSG00000124216.4",48.9059264750656,-1.04688189387765,0.307059043633052,-3.40938303425681,0.000651099915102913,0.0397185164368129,"SNAI1"
"ENSG00000262768.3",2.85234878616542,-1.41739313417232,0.416145191037044,-3.40600628026036,0.000659206627599084,0.0401254334825508,""
"ENSG00000111817.20",793.684135754683,-0.880668205215144,0.258770344085394,-3.40328103797135,0.000665817564070314,0.0404397324403489,"DSE"
"ENSG00000167550.12",45.3508379108383,-0.641972170331819,0.188685158581074,-3.40234587160694,0.000668100275071229,0.0404903548486227,"RHEBL1"
"ENSG00000248587.9",32.2778563143957,-1.32748570513633,0.390497148388579,-3.39947605408726,0.000675150914482787,0.0408290939388195,"GDNF-AS1"
"ENSG00000038002.10",181.061595748338,0.418582434616694,0.123219514607866,3.39704661188443,0.000681173629526565,0.0411001452461667,"AGA"
"ENSG00000270933.3",4.68617953262871,-1.65197321461582,0.486461821878948,-3.39589488900713,0.000684046227118633,0.0411001452461667,""
"ENSG00000284433.1",39.2432689895723,0.410746288185558,0.120937163008294,3.39636120087743,0.000682881810093917,0.0411001452461667,"MIR1914"
"ENSG00000140743.9",640.139122294258,-0.444537819220884,0.130993164332192,-3.39359554742535,0.000689814896877786,0.0413061824921259,"CDR2"
"ENSG00000230342.2",4.2186169783005,3.07506936072858,0.906204453728185,3.39335052711067,0.000690432271155831,0.0413061824921259,"FANCD2P2"
"ENSG00000082293.13",49.6553445451377,1.34723336764474,0.39723741440317,3.39150673827865,0.000695094539054176,0.0413795923458878,"COL19A1"
"ENSG00000169629.13",75.9700138357978,-0.636626535252176,0.18772363476027,-3.39129665833058,0.000695627607253331,0.0413795923458878,"RGPD8"
"ENSG00000293486.2",47.1019781442837,-1.19141344595965,0.351334394585617,-3.39110962183157,0.000696102523446339,0.0413795923458878,""
"ENSG00000110723.12",31.8126419348415,-1.25220296552123,0.369432397937178,-3.38953208357803,0.000700120156099759,0.0415300574124653,"EXPH5"
"ENSG00000131941.9",422.150080355595,-0.696004827301319,0.205480590537692,-3.38720472566312,0.000706086771017771,0.0417554457291255,"RHPN2"
"ENSG00000147614.5",2.84688536362497,-2.372740270968,0.700567016035082,-3.38688550368346,0.000706908831020307,0.0417554457291255,"ATP6V0D2"
"ENSG00000107560.13",683.895758301649,-0.373380348074421,0.110405020788533,-3.38191456699768,0.000719825274403673,0.0424286884843127,"RAB11FIP2"
"ENSG00000100413.18",668.622714182439,0.455351961363258,0.134672430732736,3.38118172283477,0.000721747931301055,0.0424524535844635,"POLR3H"
"ENSG00000150540.15",33.4942967915827,-1.44955724703563,0.428995987289173,-3.37895292726485,0.000727624657626702,0.0427082044315808,"HNMT"
"ENSG00000303332.1",8.15081547855974,-1.10813298279451,0.328420922544423,-3.37412420076441,0.000740509485204644,0.0433733637466091,""
"ENSG00000156466.11",61.5357913864653,-1.68915247406391,0.500853781961863,-3.37254611005919,0.000744766148842768,0.043531425591042,"GDF6"
"ENSG00000120725.14",578.920569250392,-0.325310111486952,0.0965450713976521,-3.3695154685531,0.000753004645779067,0.0439210789111093,"SIL1"
"ENSG00000149256.16",1605.61731525555,0.639285363009851,0.189788083963705,3.36841676072829,0.000756012217123336,0.0439260978727019,"TENM4"
"ENSG00000179241.14",1893.13229156818,0.462788653479691,0.137393871415339,3.36833549205911,0.00075623512211495,0.0439260978727019,"LDLRAD3"
"ENSG00000303995.1",4.60432996204929,1.16215645452781,0.345227661993506,3.36634801457383,0.000761705439433721,0.0441520503575493,""
"ENSG00000228686.2",8.73272874853658,-1.1509125915522,0.342075048184405,-3.36450319209418,0.000766815972416727,0.0443562555969999,""
"ENSG00000131849.15",99.2509096017129,-0.618229569100294,0.183881294215773,-3.36211234392793,0.000773486473589294,0.0446496664991969,"ZNF132"
"ENSG00000178927.20",1579.71685134101,0.46357105467993,0.137940983015934,3.36064775344091,0.000777599267590997,0.0447023578955244,"CYBC1"
"ENSG00000196323.15",1362.81748156106,-0.363584106787023,0.108171687295661,-3.36117625486654,0.000776112819384655,0.0447023578955244,"ZBTB44"
"ENSG00000146555.20",2398.60234879447,0.565391809295972,0.168270794242828,3.36001153283954,0.000779392189295483,0.0447134258249004,"SDK1"
"ENSG00000128274.18",8.27109327038229,-1.53900588719627,0.4588526857169,-3.35403046577305,0.000796435933540443,0.0455975892360378,"A4GALT"
"ENSG00000228566.3",6.40945105654527,-1.5919137488836,0.474912797668831,-3.35201274149214,0.000802263264064252,0.0458372869830085,""
"ENSG00000113658.19",2480.83279771408,-0.22527083583281,0.0673512415706994,-3.34471689874254,0.000823665979200845,0.0464168109188974,"SMAD5"
"ENSG00000115935.20",676.551083159835,-0.44758937761419,0.133824792156089,-3.34459236142237,0.000824035871569245,0.0464168109188974,"WIPF1"
"ENSG00000131196.18",144.625031465802,-1.01287369937728,0.302589567029925,-3.34735169265472,0.000815876304590685,0.0464168109188974,"NFATC1"
"ENSG00000133392.20",63.015577446029,-0.789874168114781,0.236081951144484,-3.34576262304512,0.000820566110922996,0.0464168109188974,"MYH11"
"ENSG00000185504.18",1424.3354247699,0.357119672513032,0.106742406029636,3.34562134953078,0.000820984258460452,0.0464168109188974,"FAAP100"
"ENSG00000186212.4",33.8102313543926,1.05961598222045,0.316800431945283,3.34474285818988,0.000823588895600703,0.0464168109188974,"SOWAHB"
"ENSG00000225630.1",2095.17977786627,0.515028073090794,0.153909000561675,3.34631549299424,0.000818931601211401,0.0464168109188974,"MTND2P28"
"ENSG00000169955.9",35.1547585630229,-0.755517389557646,0.225930409357047,-3.34402700241946,0.000825717001409673,0.0464179221375953,"ZNF747"
"ENSG00000143768.13",12.3136858669455,-2.26313627896407,0.677323795389105,-3.34129155711111,0.000833896049789748,0.0466898231163843,"LEFTY2"
"ENSG00000286671.1",4.19949327715289,1.19021780897764,0.356184970789644,3.34157223517597,0.000833053368569486,0.0466898231163843,""
"ENSG00000144290.18",12.6251485196822,2.29536049753976,0.687536407475877,3.33852938198084,0.000842231225878034,0.0470621964396128,"SLC4A10"
"ENSG00000092758.19",271.709189130298,-1.85886178443016,0.556903904125198,-3.33785015809885,0.000844292664642278,0.0470832190767278,"COL9A3"
"ENSG00000226002.1",14.4406236981495,0.907506234401392,0.271975845497208,3.33671629089837,0.000847744371673777,0.0471815338649276,"GTF2IP14"
"ENSG00000170775.3",128.317069328185,0.824511321472165,0.247188718133515,3.33555401596775,0.000851296137327888,0.0472850154687949,"GPR37"
"ENSG00000172671.21",201.068719271147,-0.39164449898817,0.11747384034935,-3.33388691323512,0.000856414691643208,0.0474749406147214,"ZFAND4"
"ENSG00000129173.14",160.929458463132,-0.700748184120512,0.210419673151452,-3.33024081648554,0.000867709034117248,0.0479314106618142,"E2F8"
"ENSG00000237531.7",8.79662663868227,2.35627199652229,0.707569157843778,3.33009426767937,0.000868165865577564,0.0479314106618142,""
"ENSG00000302288.1",245.68063212094,1.38785330266505,0.416826341087465,3.32957197245323,0.000869795812503661,0.0479314106618142,""
"ENSG00000147481.18",52.0655071642881,1.13950230846882,0.342488508485358,3.3271256706049,0.000877467916822978,0.0482590081262149,"SNTG1"
"ENSG00000287804.4",3.53264343135919,-1.75150497423513,0.52679418062452,-3.32483736277933,0.000884701266277676,0.0485612351248173,""
"ENSG00000114450.12",1875.35433067369,-0.409552166220448,0.123279450894003,-3.32214463359824,0.000893283772733041,0.0488404213823649,"GNB4"
"ENSG00000132681.17",18.2989452902075,-1.73283512956238,0.521582451279976,-3.3222650135371,0.000892898444938758,0.0488404213823649,"ATP1A4"
"ENSG00000206384.11",8.64741831245991,-1.07324219545547,0.323223483997915,-3.32043384404084,0.000898776577651096,0.0489491594600272,"COL6A6"
"ENSG00000215475.5",11.1028270740077,-1.36463930277346,0.410928759873749,-3.32086589216272,0.000897386460635679,0.0489491594600272,"SIAH3"
"ENSG00000079974.20",833.203321598118,-0.388184946995579,0.116983239066664,-3.31829542499135,0.000905686385576684,0.0491339260711203,"RABL2B"
"ENSG00000164620.10",232.363110207489,0.470373488770411,0.141751491669478,3.31829657120774,0.000905682668690834,0.0491339260711203,"RELL2"
"ENSG00000231720.2",28.7556402705505,1.29768690351202,0.391267568583285,3.31662270964784,0.000911125661889726,0.0492603382260915,""
"ENSG00000281649.4",1084.80386250388,-0.394448549147782,0.118935373736118,-3.31649480517837,0.000911542820533637,0.0492603382260915,"EBLN3P"
"ENSG00000100614.19",1624.21501216351,-0.234272373093667,0.0706795051584462,-3.31457291004634,0.000917832403899202,0.0494090935116374,"PPM1A"
"ENSG00000198732.12",3435.97069051984,1.11522940287826,0.33640881949281,3.31510156172376,0.000916098343736518,0.0494090935116374,"SMOC1"
"ENSG00000147676.15",55.7493600229211,-1.52966050977037,0.461842829558304,-3.31208024001,0.000926049808793381,0.0495140998524744,"MAL2"
"ENSG00000197712.13",380.400039146176,-0.990590521194709,0.299106513617088,-3.31183199327731,0.000926871907471425,0.0495140998524744,"FAM114A1"
"ENSG00000273015.3",203.408627852058,-0.49915496643683,0.150661552179108,-3.31308790608654,0.000922719734649191,0.0495140998524744,"LINC00938"
"ENSG00000303671.1",33.8984079357128,-1.38349039726607,0.417696192079508,-3.31219298499787,0.000925676663456984,0.0495140998524744,""
"ENSG00000150471.18",2693.00031604356,0.53945484479124,0.162942914957065,3.31069838129129,0.000930634600275499,0.049594919948097,"ADGRL3"
"ENSG00000224431.1",5.90256613208611,-1.38391658710059,0.418068145723468,-3.31026556616917,0.000932074932708268,0.049594919948097,""
"ENSG00000250320.8",17.9766961291879,-1.15779631540908,0.349811191607283,-3.30977493913025,0.000933710150424103,0.049594919948097,"EDIL3-DT"
"ENSG00000186470.15",311.226889680266,-0.636536584097231,0.19235421969271,-3.30918960402382,0.000935664498848693,0.0496044220746369,"BTN3A2"
"ENSG00000087245.13",5908.52827434549,-0.638083346523005,0.192875269116329,-3.30826937764715,0.00093874466419055,0.0496734605545829,"MMP2"
"ENSG00000251192.9",93.0782969983263,-0.341851565200096,0.103351122842914,-3.30767151625131,0.000940750846372719,0.0496855158729818,"ZNF674"
"ENSG00000144218.21",1549.28414141898,-0.831777143191703,0.251651281270404,-3.3052768060336,0.000948826411402581,0.0498061373897075,"AFF3"
"ENSG00000188257.13",3.06153484758395,2.01402847745351,0.609410181518784,3.30488156997001,0.00095016540422757,0.0498061373897075,"PLA2G2A"
"ENSG00000228709.3",43.1052484445427,-1.39343076071165,0.421538390735035,-3.30558447661653,0.000947785285736672,0.0498061373897075,"LINC02575"
"ENSG00000299046.1",2.93025607178389,-1.51151450203076,0.457266754243067,-3.305542088956,0.00094792865834779,0.0498061373897075,""
"ENSG00000047648.23",101.389241808167,-0.759095645248278,0.229778790684202,-3.30359317754243,0.000954542421753619,0.0499418740100644,"ARHGAP6"
